customer_id,name,email,phone,city,country,age
1,Christine Munoz,warddeanna@hotmail.com,+1-399-772-3250x711,Michaelburgh,Guatemala,64
2,Stephen Stevens,ztapia@yahoo.com,001-604-094-9247x5254,Justinfurt,Paraguay,27
3,Bradley Larsen,johnorozco@kerr.biz,543.139.7357,Justinland,Armenia,62
4,Jasmine Roberts,nicole92@wells.info,001-245-621-2362,Heathermouth,Spain,51
5,Sarah Wilson,buckleytonya@serrano.com,296-359-1792,Wallaceton,Bermuda,21
6,James Watts,dillon75@yahoo.com,545-334-3841x0525,Maryton,Mauritania,29
7,Aaron Walsh,rachelrubio@hotmail.com,+1-974-445-8079,Laneton,Belgium,61
8,Ernest Hinton,nmeyers@hotmail.com,868.661.0562,Port Janice,Brunei Darussalam,59
9,Laura Townsend,cooperashley@hotmail.com,(467)986-0462x451,Port Melissa,Suriname,36
10,Brad Parks,xhicks@clay-callahan.biz,001-068-891-7462x61291,Lake Garyville,Bolivia,29
11,Daniel Jackson,ryanarmstrong@yahoo.com,761-346-1613x41838,Port Joshua,Falkland Islands (Malvinas),36
12,Robin Valdez,brooke61@gmail.com,098.695.7362,North Peter,Germany,64
13,Matthew Smith,caguilar@wheeler.org,001-325-270-3961,Andersonhaven,United States Virgin Islands,45
14,Christopher Contreras DDS,chavezchristie@lee.biz,183-749-1894x75948,West Jacobmouth,Cocos (Keeling) Islands,67
15,Anthony Bullock,luismoore@foster.com,292-711-2442,North Debbiemouth,Tuvalu,28
16,Mrs. Nicole Owens DDS,cbrewer@yahoo.com,(601)325-3620x33187,New Marymouth,Ukraine,63
17,Jared Gould,wdavis@booth.com,466-558-0820,Gainesmouth,Cuba,24
18,Tyrone Glenn,garciaelizabeth@perry-stephens.com,283-644-9799x32528,Richardland,Cambodia,46
19,Lisa Obrien,ledawn@benson.net,232-497-3587x226,New Kyle,Morocco,45
20,Richard Herrera,floydjohn@gmail.com,457.120.7148x12927,East Andrewshire,Djibouti,23
21,Eric Conley,davidmitchell@chung.com,645.277.5582x4960,Richardfort,Morocco,49
22,Kara Daniels,josephscott@hotmail.com,001-566-439-8590x97520,Rachelside,Congo,47
23,Beth Obrien,anavarro@goodman.net,980.005.4086x146,East Peterview,Grenada,54
24,John Salas II,donna77@hodge-miller.info,709-185-1480x1752,Henryfurt,New Zealand,37
25,Eric Schultz,michaelholmes@tanner.com,+1-731-170-6328x327,West Ashley,Guinea,64
26,Mr. Robert Grimes,andersonchristopher@hotmail.com,+1-854-768-1717x52908,Rickytown,Cook Islands,22
27,Michael Moore,fgregory@mccall.com,002-407-9398x71687,Munozton,Liberia,63
28,Jessica Lewis,jamesdavis@hotmail.com,694.379.2596x57946,Stephaniemouth,Falkland Islands (Malvinas),65
29,Robert Smith,venglish@stafford-stein.com,686.626.3062x4214,Port Brenda,Latvia,23
30,Danny Diaz,matthew55@gmail.com,+1-774-263-1240x290,Smallville,New Zealand,37
31,Jesus Smith,mbradley@lane-walker.biz,+1-864-767-5925x673,East Jessicaville,Azerbaijan,69
32,James Davis,caseygary@steele.com,157-017-0479x0365,Simmonsfort,Seychelles,22
33,Dr. Vanessa Coleman,sfrazier@gray.net,001-910-684-3735x283,South Steven,South Georgia and the South Sandwich Islands,40
34,Dana Ryan,christinefranklin@horton.com,4661257878,New Sarahside,Zambia,43
35,Gregory Morris,mpearson@gmail.com,+1-804-891-4851x7347,Michaelshire,Liechtenstein,53
36,Kimberly Graves,francojoseph@miller.com,(866)380-1209,West Michelle,Iran,33
37,Linda Chang,hendersonamy@moody.com,499-836-0542x2384,South Jenniferland,New Zealand,35
38,Jessica Lewis,keychad@yahoo.com,299.111.6614x2215,Yufort,Solomon Islands,63
39,Shawn Patton,melissa85@hotmail.com,114.827.5880,Lopezton,Afghanistan,45
40,Jennifer Eaton,dodsontony@gmail.com,(374)713-5472,West Cheryl,Cote d'Ivoire,24
41,Jessica Russell,edwardsjeremy@garcia.com,224.929.4155x118,New Alan,Isle of Man,68
42,Mark Herrera,cpark@yahoo.com,(264)105-3720x04007,Brownfort,Norfolk Island,44
43,Troy White,trandana@gmail.com,529.398.1255,South Andrewmouth,Kuwait,52
44,Patty Best,xwilliams@yahoo.com,(851)582-6222x855,North Alicia,Brunei Darussalam,61
45,Amanda Abbott,mendezgregory@hotmail.com,(610)380-4681x8741,Kellertown,Malawi,34
46,Dean Johnson,dennis08@bray.biz,9837817980,New Maryside,Russian Federation,35
47,Christopher Shaw,antoniofoley@hotmail.com,+1-772-816-3692x887,Lake Michaelberg,Papua New Guinea,23
48,John Crawford,reneemartinez@peterson.com,439.019.1885,New Anthony,Bahrain,33
49,Anthony Smith,juan24@yahoo.com,775-181-1427x14581,Alisonfort,Cote d'Ivoire,57
50,Denise Wright,njohnson@hotmail.com,754.848.1299,North Kennethland,Dominican Republic,32
51,Travis Moore,john33@hotmail.com,8765968570,Port Dawnburgh,Cayman Islands,41
52,Thomas Simmons,xjohnson@brown-white.com,5559207110,South Michael,Iceland,19
53,Kathryn Flores,charles45@hotmail.com,001-578-936-6835,Johnnystad,Macedonia,28
54,Thomas Landry,jackiebarker@delgado-munoz.com,9712387148,East Davidmouth,Nepal,29
55,Jennifer Thompson,jmiller@yahoo.com,716.197.7815x766,South Chad,Reunion,60
56,Courtney Whitaker,halljames@hotmail.com,(709)920-4753,North Josephberg,Belgium,26
57,Nicholas Park,leslie07@huffman.info,001-757-875-4373,Shannonville,Vietnam,65
58,Richard Reed,rodney39@hotmail.com,+1-788-481-7434,Madisonland,Svalbard & Jan Mayen Islands,35
59,Amber Hill,thood@wilcox.com,+1-588-576-9954,Lake Warrenville,Grenada,38
60,Caitlyn Bean,veronicalee@brown.com,560-702-1685x163,East Beverlyland,Greenland,69
61,Shane Hughes,azimmerman@smith.info,(392)049-8772,Tiffanyside,Saint Martin,19
62,Timothy Johnson,alex80@yahoo.com,+1-842-643-8324,Johnsonbury,Thailand,43
63,Matthew Smith,robinsonangela@stewart-bates.com,447.718.1504,East Ronnie,Bolivia,52
64,Joe Singleton,wattsjennifer@gmail.com,+1-033-703-5038x60138,West Troymouth,Madagascar,42
65,Paul Frost,wendy76@gmail.com,8789873995,Katherineville,Micronesia,51
66,Michael Barnes,combsnicole@yahoo.com,(313)981-6321x0605,Lake Frank,Liechtenstein,48
67,James Arnold,robert74@thomas.com,(542)922-3094,West Laura,Benin,20
68,Lisa Little,jeremy87@hotmail.com,(759)013-1756x1111,Scottfurt,France,60
69,Christopher Leblanc,hforbes@gmail.com,(372)181-9089,Lake Sarah,Guadeloupe,67
70,Leah Brown,gentrychristopher@gmail.com,104.628.7442x229,Michellechester,British Virgin Islands,68
71,Kenneth Gonzalez,oklein@day.com,001-379-239-8493x19884,Paulmouth,Libyan Arab Jamahiriya,63
72,David Haynes,tmoody@mckay.net,(051)653-0300x9390,Houseburgh,Madagascar,46
73,Jonathan Smith,craig25@gmail.com,(297)677-8169x057,Bauerborough,Chile,49
74,Alison Hernandez,ladams@hotmail.com,(150)586-5234x402,Marilynstad,Bangladesh,64
75,Vincent Wilson,brenda90@yahoo.com,001-886-322-1153x7558,Lake Sierrafort,Saint Vincent and the Grenadines,29
76,Heather Gibson,robert05@klein-olson.biz,833-677-8889,Hodgefort,Liechtenstein,27
77,Shane Hayden,curtiswashington@wilson.biz,001-187-178-5733,Lopezmouth,Ecuador,25
78,Audrey Terry,elliottdaniel@freeman-rocha.biz,+1-261-646-1570x160,Cindyview,Ireland,20
79,Craig Ali,mathew12@herrera.net,001-241-855-0649x2996,South Victormouth,Netherlands Antilles,50
80,Robert Davis,maysmary@yahoo.com,001-808-587-4252,Patrickshire,France,26
81,Robert Beasley,sarahdavis@hanson.com,021-079-7060x538,Port Laurashire,Turkmenistan,44
82,Brian Whitaker,tuckerjenna@juarez.org,767.590.6573x63781,Sarahmouth,Nicaragua,40
83,Heather Davis,sandraprice@yahoo.com,+1-321-302-9152,South Nathan,Saint Vincent and the Grenadines,43
84,Mr. Gregory Shah,ryanlong@kennedy-pennington.net,(891)109-7389x3653,South Frank,Barbados,50
85,Christopher Bishop,hmccoy@gmail.com,064-726-1791x183,New Daniel,Saudi Arabia,22
86,Matthew Floyd,brittney43@hotmail.com,718.891.3258x151,Brianton,Tonga,46
87,Luis Brown,uwilliams@pugh.info,001-587-299-5731x1831,Nancystad,Indonesia,37
88,Kathleen Garcia,tylermichael@yahoo.com,872-093-7322,North Christopher,Kenya,53
89,Daniel Bullock,kpeterson@yahoo.com,(328)371-2627,Joeburgh,Sierra Leone,41
90,Michael Roy,hilljoseph@hotmail.com,(601)619-7181x195,Hodgeton,Oman,37
91,Natalie Johnson,okelley@smith-hudson.com,858-056-3102x11892,West Nathanbury,Mali,27
92,Pamela Frost,georgeallison@burke.info,(331)415-9876x8173,Blairburgh,Korea,54
93,Veronica Cordova,pbradford@parker.biz,750-388-6908x75579,Karenland,Belarus,59
94,Jason Green,hernandezgeorge@hotmail.com,165.043.7489,North Andrew,Greenland,37
95,Robert Choi,ppruitt@graham.com,108-115-2367x1233,East Alexaburgh,Bhutan,22
96,Kevin Castillo,umorris@hotmail.com,140-732-3790x7994,Robinsonberg,Madagascar,19
97,Deborah Thompson,xprice@gmail.com,(080)569-2099x7408,Wilsonstad,Nicaragua,26
98,Anne Pitts,danielnicole@yahoo.com,(524)626-1871x73500,East David,Cambodia,51
99,Norma Peters,rlewis@brown.com,(198)824-0326x527,Brewerville,Japan,62
100,Maria Carlson,simmonsangela@yahoo.com,8958799270,Saraton,Armenia,28
101,Michael Wright,steven66@hotmail.com,660.700.2113,South Gregorystad,Rwanda,56
102,Christopher Wright,downsedward@yahoo.com,411-790-3441x448,New Jenniferburgh,Wallis and Futuna,66
103,Dr. Nicole Garcia,meganwolf@hotmail.com,(740)568-2689,Douglasberg,Kyrgyz Republic,49
104,Anita Lee,nbecker@ramirez.info,001-788-247-0168x402,Johnstonport,Barbados,45
105,Jaime Donovan,brianwilson@yahoo.com,+1-957-532-1642x143,Seanmouth,Cook Islands,61
106,Emily Gonzalez,johnsondawn@alexander-johnson.biz,(101)702-1955,New Lisaland,Mayotte,50
107,Christy Schmidt,sarahbrown@levine-harrison.info,001-699-254-2217x268,North Derek,Nicaragua,25
108,David Ryan,matthewwheeler@oneill.com,123-923-7763x575,East Jeffreyfurt,Bhutan,21
109,Albert Davis,marthajohnson@yahoo.com,7214877423,Sarafort,Burkina Faso,30
110,Melissa Wilson,luis83@kim-rios.com,2078315852,Walkerton,Turks and Caicos Islands,39
111,Jessica Oconnell,benjaminnelson@henderson.org,+1-947-086-4706x696,Port Samanthahaven,Italy,35
112,Joshua Stephens,steve70@dickerson-smith.com,(167)146-0641,Marquezbury,Aruba,56
113,Samuel Brennan,mcguirelinda@yahoo.com,001-911-043-0281,New Tanya,Tanzania,28
114,Aaron Gomez,larsonjose@walker-rios.org,(390)038-4246x7980,Lopezside,Gambia,32
115,Mr. Andrew Jacobson,angelawhite@sandoval.biz,+1-310-259-7437x09890,Michelleberg,Congo,59
116,Sandra Taylor,grossdonald@marshall-blair.com,616.675.9883,Mcbrideville,Marshall Islands,41
117,Cory Mccall,lindsaymoreno@anderson-wood.com,+1-106-554-7589x7455,Lake Kristinabury,Comoros,20
118,Tina Copeland,janet30@hotmail.com,(683)526-8914,Monroeview,Nepal,52
119,Shaun Johnson,morganbeth@hotmail.com,(744)393-5972,South Christopher,Oman,56
120,Jessica Powell,fred92@hotmail.com,001-794-171-6917x8400,Lake Nicholastown,Rwanda,47
121,Ashley Davis,michaellee@patel.com,399.014.5263,North Johnview,Indonesia,61
122,Bradley Gallagher,taylor51@hotmail.com,001-849-795-8108x86632,Hessshire,Isle of Man,29
123,Kathryn Pierce,christopherschaefer@avery-hill.com,+1-419-741-3796,Port Kevinshire,Madagascar,30
124,Corey Bryan,vazquezroy@williams-campbell.com,(854)117-4197x915,Mistystad,New Zealand,18
125,Anthony Flores,christina58@hotmail.com,3967707028,Nolanhaven,Lithuania,22
126,Mark Harris,xharris@gmail.com,001-539-625-2164x3238,Robertstown,Kenya,63
127,Ryan Townsend,pittsandrew@hotmail.com,772-974-1234,West Davidfort,Armenia,64
128,Tracy Smith,william61@smith.com,+1-777-851-2896x777,Robinview,Madagascar,52
129,James Gonzalez,jenniferfigueroa@hotmail.com,(480)838-3580,East Bryanton,Kenya,18
130,Christopher Hughes,megansmith@gmail.com,718.047.0869x38813,West Jesse,Cambodia,68
131,Laura Matthews,nicholasroberts@gmail.com,142-169-0788x340,Daniellemouth,Lebanon,52
132,Edward Carpenter,tford@gmail.com,152-173-4713x43799,North Jillian,Ukraine,22
133,Charles Massey,fwright@yahoo.com,001-168-314-1698x67305,South Jeffreymouth,Taiwan,56
134,Kim Howard,cassandra32@gmail.com,+1-323-393-4748x2460,West Darius,Vanuatu,66
135,Antonio Kennedy,fanderson@hotmail.com,382.154.3496x44629,Davisborough,Burkina Faso,21
136,Wesley Mckenzie,millsandre@hotmail.com,735-928-9161x58903,Ryanport,Togo,37
137,Katherine Lopez,michael68@yahoo.com,(952)123-3513,Ashleyshire,Andorra,61
138,Christopher Grimes,wolfeapril@yahoo.com,(365)729-3027x5173,Cortezburgh,Eritrea,45
139,Jacqueline Nelson,john34@gmail.com,+1-035-373-0292,North Judybury,Guinea-Bissau,32
140,David Young,melanie00@velazquez.org,001-282-394-6875x9210,Lake Tiffanymouth,Switzerland,55
141,Brandi Martinez,lynchashley@poole.com,426.462.9331,South Amybury,Pitcairn Islands,52
142,Ann Edwards,clarkronnie@gmail.com,(414)282-1022,North Jennifer,Guadeloupe,56
143,Devin Martinez,ojohnson@gmail.com,2737236693,West Brianhaven,Finland,26
144,John Carson,sabrina59@hotmail.com,(263)893-3637,Lake Justin,Liechtenstein,22
145,Brian Bishop,ebray@manning-taylor.com,825.008.4432,Knapptown,Afghanistan,58
146,Lindsay Phillips,micheal16@gmail.com,4364841436,Nicolemouth,Malta,22
147,Sabrina Mejia,jeffreymahoney@gmail.com,+1-617-749-7234x52941,North Nancyburgh,Niger,66
148,Daniel Cobb,zadams@cross.net,+1-372-290-6793x7861,Port Andrewstad,South Georgia and the South Sandwich Islands,18
149,Michelle Hughes,johnperez@hotmail.com,+1-128-953-3834,East Jeremy,Iraq,28
150,Kevin Gutierrez,victoria95@sandoval.com,768.811.3083x812,Lake John,Portugal,55
151,William Clark,palexander@campbell.org,+1-143-310-1642x4550,Sotoburgh,Greece,61
152,Angela Williams,emily95@riley.com,+1-627-122-8949x2785,North Stephenport,Belize,32
153,Dr. Ryan Hawkins,shieldskelsey@yahoo.com,(522)692-2419x809,East Michael,Honduras,44
154,Jennifer Perez,abigail40@hotmail.com,(987)730-8666x909,Judybury,Nicaragua,33
155,Glenda Liu,qsaunders@thompson.org,144.070.9951x575,New Michellefort,Martinique,20
156,Christopher Smith,juliewade@singleton-patterson.org,997.686.2996x35382,Port Michael,Liberia,31
157,Thomas Parker,rscott@yahoo.com,120-987-1374x26531,Racheltown,United States Minor Outlying Islands,50
158,Brad Kane,bwade@gmail.com,001-045-049-5359x5286,Andersonview,Guinea-Bissau,66
159,Joel Avery,mathew09@pineda.biz,126.300.5752,Port Nicoleshire,Mozambique,35
160,Kimberly Santos,twallace@yahoo.com,797.567.7294x99486,New Rodney,United States of America,45
161,Steven Shelton,pmorton@hotmail.com,001-569-027-5853x431,Debramouth,Equatorial Guinea,34
162,Lynn Nguyen,sarah69@yahoo.com,001-757-838-6466x82393,Andrewhaven,Russian Federation,67
163,Allison Farrell,qrodriguez@burton.com,058-472-8840x078,East Stephen,Maldives,21
164,Michael Brown,brownlaura@hotmail.com,613-137-2192,Lake Gerald,Tuvalu,42
165,Michael Foster,jane10@ferguson.biz,549-523-0732x5189,Joshuaview,Botswana,51
166,Paul Foley,matthew01@yahoo.com,001-023-908-8264x888,Lake Michael,Poland,26
167,Elaine Martin,zward@howard-grant.com,8793779917,North Adamtown,Bolivia,20
168,Gavin Palmer,robertgray@cook.org,+1-701-032-5983x234,East Carolburgh,Burundi,33
169,Molly Nicholson,dcarlson@rice.com,8596840024,Matthewmouth,Norway,20
170,Beth Wright,patricktaylor@gmail.com,590-016-4427,New Robert,Tunisia,19
171,Mark Hale,abigail11@gmail.com,1879382206,New Brianberg,Congo,55
172,Joe Henderson,cadams@haley.com,787-579-6943x57912,Davefort,Georgia,27
173,Jay Erickson,wwhite@hotmail.com,001-817-548-4884x299,East James,Bangladesh,46
174,Matthew Hamilton,pcameron@lee.com,(518)090-1994x8910,Tammyside,Bahrain,18
175,Lisa Cox,wwalter@gmail.com,(975)437-3811x4643,Christopherton,Belgium,29
176,Caitlin Soto,sandraevans@christian-grant.com,(815)326-1183,Welchton,Heard Island and McDonald Islands,42
177,Jennifer Morton,ashleyleach@gmail.com,210-250-0107x376,South Ryanmouth,Swaziland,49
178,Stephanie Reed,rossscott@gmail.com,3035612574,Johnsonberg,Malta,29
179,Bryan Davis,nicolecook@gmail.com,001-613-142-1330x24300,Toddville,Tanzania,60
180,Michelle Peterson,ryan17@hotmail.com,890.389.3532x872,Barajasland,South Georgia and the South Sandwich Islands,68
181,Shannon Howell,tabitha88@johnson.info,(435)279-3504,Duncanville,Christmas Island,37
182,Krystal Perez,caldwellpeter@rodriguez.com,892-901-6664x991,South Ebony,Trinidad and Tobago,51
183,Christopher Fisher,ojohnson@miles-collier.net,(938)354-0706x097,Ramirezview,Hong Kong,32
184,Andrew Vasquez,daniel62@yahoo.com,701-863-6540x816,Sheltontown,Brunei Darussalam,68
185,Allison Thompson,steven32@gmail.com,805-730-2420x053,East Charles,New Zealand,36
186,Scott Sanchez,harrisangela@coleman.org,+1-688-935-8341x563,East Debra,Turkey,38
187,Christopher White,clarkrobert@barry.info,001-696-570-2012x8242,Michaelmouth,Cocos (Keeling) Islands,33
188,Thomas Jackson,hallalexandra@shaw-fowler.org,001-480-253-5447,Dwaynefurt,Morocco,56
189,Mary Webb,swong@murphy.biz,001-631-596-7924,Port Robertoborough,Austria,32
190,Jacob Thompson,robinrussell@gmail.com,001-216-312-4121,Kevinberg,Saint Martin,64
191,Howard Trujillo,ccortez@yahoo.com,3745912429,Tonyberg,Namibia,69
192,Andrew Adams,hornealexander@mccormick.com,599.420.7017,Raymondfurt,Russian Federation,56
193,Robert Shaw,helenkim@fox-lewis.com,995.492.9383,Port Christophertown,Chad,21
194,Kara Morgan,aedwards@hotmail.com,001-106-874-3274x51423,Jeannehaven,Cote d'Ivoire,42
195,Kevin Goodwin,stevenbrooks@miller.com,(679)772-4358,North Baileymouth,Chad,52
196,Jeffrey Andersen,johnstanley@williams.com,478.046.5032,Samanthamouth,Madagascar,26
197,Christine Johnson,michael91@gmail.com,+1-048-551-8903x01064,Holdenland,Serbia,29
198,Zachary Taylor,roblesrodney@hotmail.com,+1-488-790-4712,Hallbury,Brunei Darussalam,24
199,Jill Hamilton,ihernandez@gonzalez.com,001-893-692-7065x04896,South Dennisshire,Spain,34
200,Gregory Mahoney,pcastro@thompson.com,001-722-829-9116,Alisonstad,Switzerland,26
201,Tammy Hartman,anthony32@gmail.com,884.288.2928,South Kimberly,Iran,34
202,Robert Cooper,robinsontamara@mitchell.com,2653912704,Reidland,Guinea,20
203,Kathy Kennedy,jonesstephanie@hotmail.com,808.546.3316x1517,Nicolestad,Dominica,45
204,Robert Villanueva,middletonjoshua@hotmail.com,(002)280-7458x40499,Lake Kara,Latvia,64
205,Elizabeth Morrison,steven60@gmail.com,3770716313,New Charles,Andorra,43
206,Matthew Castro,alechoward@hotmail.com,(598)031-6515x383,Smithton,Austria,18
207,Julia Powell,michaelscott@yahoo.com,156.700.6057,Hamiltonside,Lebanon,35
208,Laura Warren,rsmith@chandler.info,(249)977-4925x4812,Port Brandonton,Saint Vincent and the Grenadines,63
209,Judy Clark,russellmanuel@gmail.com,(663)401-0420,South Erika,Russian Federation,59
210,Lauren Garcia,anthonynielsen@jones.com,389-595-4880x22777,Hardyburgh,Mongolia,30
211,Jose Young,leachbryan@montgomery.com,(308)858-7720,Markfurt,Greece,60
212,Krista Sullivan,kentjennifer@hotmail.com,(761)152-6293,North Scottshire,Tokelau,47
213,Stephanie Hunt,rduffy@cordova.com,+1-390-549-7184,New Alyssa,Zimbabwe,34
214,Jonathon Garza,juan72@cooley-cannon.info,244.076.9968x74894,Gabriellefort,Bolivia,52
215,John Kelley,scott57@wood-reyes.biz,+1-723-929-1346x1654,Jimenezside,Djibouti,52
216,Norman Jackson,tracy01@barry-jones.com,+1-909-806-1919x110,Stephenmouth,Hong Kong,60
217,Matthew Brown,thompsonmichelle@hotmail.com,(248)576-7945x13320,West Evanchester,Lebanon,59
218,Michael Barnes,dennisjames@ray.biz,011.348.6335x77062,Michaelview,Guinea-Bissau,30
219,Amy Watson,kristinpeck@colon.org,(238)124-4626x68748,Stephanieville,Uzbekistan,58
220,Michael Chambers,gregory38@hotmail.com,782.469.2853x803,South Andrew,Bermuda,62
221,Jennifer Lopez,qwilliams@caldwell.biz,(921)423-2293,South Erica,Jordan,66
222,Travis Myers,anthonynash@hurst.com,119.161.0232x661,Tiffanyshire,Korea,35
223,Christopher Sullivan,aprilbutler@hotmail.com,001-173-016-5597,New Brianberg,Western Sahara,31
224,Mark Thompson,travishopkins@yahoo.com,(685)510-0437,New Davidmouth,Barbados,49
225,Michelle Edwards,phillipsmichael@yahoo.com,(462)801-8192x6773,Ryanburgh,Panama,32
226,John Austin,ztownsend@hotmail.com,906-718-7132x918,New Lisashire,Djibouti,25
227,Joshua Thomas,tspence@schmidt-perez.com,+1-286-220-8514,East Timothy,Jersey,34
228,Ann Jones,lisarhodes@yahoo.com,+1-141-836-3620,Hayesside,United States Minor Outlying Islands,48
229,Raymond Flores,destiny68@palmer.com,001-245-028-6713x627,Harrisshire,Guinea-Bissau,31
230,Rebecca Barnes,tmata@hotmail.com,232.062.7379x760,North Jason,Saint Helena,65
231,Kelsey Mitchell,betty04@yahoo.com,1316078308,Lake Douglaston,Cambodia,42
232,Michael Long,youngmichael@gmail.com,+1-117-409-7301,Port Kevinmouth,Cayman Islands,29
233,Joseph Wright,amandamarshall@gmail.com,+1-039-054-6003x47275,North Christopherton,France,32
234,Jordan Hurst,pattonwilliam@gmail.com,972-774-8856,Vargastown,South Africa,32
235,Brittany Barrett,nicholas20@oconnor.com,+1-567-535-6978x721,East Garyview,Cote d'Ivoire,19
236,Christopher Vaughn,kimcooper@fischer.com,641.950.7672x81020,North Wandamouth,Haiti,52
237,Patricia Thornton,cookalan@hess.com,392.191.2118,Riversfurt,El Salvador,41
238,Daniel Lewis,pwang@yahoo.com,1590720387,West Lisaton,Micronesia,65
239,Andrew Adkins,ejohnson@harris-spencer.com,2243587208,Martinezfurt,Bahamas,25
240,Lauren Rivera,thanson@burns.com,(247)984-1717x70406,Jamieport,Bosnia and Herzegovina,53
241,Nicole Stewart,venglish@gmail.com,(958)464-9589,Christopherchester,Mauritania,56
242,David Cooper,nwilcox@johnson.com,(226)771-8725,North Katherine,Guinea,65
243,Jose Greene,lisa39@harrington.biz,3623931361,West Karamouth,Singapore,63
244,Elijah Kane,wsanchez@cooke.com,1018615024,North Kimberlyland,Croatia,64
245,Charles Moore,andrea78@yahoo.com,453-530-1038,Jordanville,French Polynesia,54
246,Pamela Clark,shannon22@kelley.com,(362)201-1344,Moyerstad,Gambia,42
247,Loretta Daniels,patelbrianna@cain.com,426.641.9381x36664,North Megan,Namibia,64
248,Kimberly Green,kim68@yahoo.com,(197)812-4753,Martinezfurt,Holy See (Vatican City State),55
249,Benjamin Clark,isaacandrews@hotmail.com,001-295-135-7769x36913,South Amy,Tanzania,46
250,Charlotte Lewis DDS,xmorris@dunn.org,(700)821-3183x7772,Wigginsland,Kenya,60
251,Brandy Macias,obass@hotmail.com,200-653-6130x8285,Port Elizabeth,Sri Lanka,67
252,Sharon Smith,joshuajohnson@yahoo.com,7880459607,New Michael,British Virgin Islands,33
253,Edwin Guzman,kimberlywatson@gonzalez.com,001-484-726-6445x8851,Angelachester,San Marino,39
254,Carrie Cox,gcox@richardson.com,(142)200-9370x681,South Loganport,Israel,19
255,Patricia Sims,sanchezkristen@potts.com,776-140-4814x6288,Paulfort,Brunei Darussalam,18
256,Mrs. Teresa Skinner,zkennedy@gmail.com,(212)443-9727x993,Nicolemouth,Switzerland,23
257,Teresa Chung,josephphillips@yahoo.com,(658)606-9887x19832,Hillside,Brunei Darussalam,42
258,Hannah Holloway,john43@gmail.com,686.073.0502x4944,Suzanneland,Togo,65
259,Erica Avila,humphreyjacob@hughes-mclaughlin.com,5501026295,Haroldtown,Trinidad and Tobago,27
260,Logan Edwards,robert81@yahoo.com,9189968899,Dunlapchester,Lao People's Democratic Republic,46
261,Mrs. Lisa Morgan,carla78@hotmail.com,+1-955-171-7395x0997,Cooleyview,Bolivia,32
262,Jennifer Lewis,jacobelliott@chase.com,001-439-631-1444x682,Lake Robertfort,Pitcairn Islands,39
263,Luis Martinez,gordonkatelyn@hotmail.com,(336)833-0790,Dianeville,Botswana,55
264,John Carter,millermelinda@hotmail.com,001-396-436-9663x894,New Erikaport,United States of America,49
265,Erin White,crawfordadam@hotmail.com,(627)406-2881,Port Patricia,Northern Mariana Islands,27
266,Richard Maddox,blakejeffrey@wiggins-anderson.org,516-755-8367x9209,New Mariah,Andorra,51
267,Cassandra Thompson,jhanson@gmail.com,+1-776-207-6079x49496,Lake Wendy,Antigua and Barbuda,28
268,Nathaniel Ortega,kimberly60@yahoo.com,3797456066,East Amyshire,Libyan Arab Jamahiriya,50
269,Charles Bennett,clarkmichael@hotmail.com,603-166-9920,Andersonshire,Bouvet Island (Bouvetoya),38
270,Cynthia Walker,beltrannicole@humphrey-wolf.com,743.851.4279x557,Thomasland,Israel,66
271,Elizabeth Williams,wtrevino@hotmail.com,+1-619-976-7131,South Brandy,Angola,63
272,Angela Mccarty,uvalencia@bell-velazquez.com,+1-230-607-2628x1853,West David,Malta,32
273,Larry Cook,jacobdavis@soto.com,001-003-407-3412x91854,Port Jeffery,Korea,34
274,Katherine White,kendraalvarez@bush.com,+1-893-403-6849,South Ericport,Kyrgyz Republic,59
275,Jennifer Vang,susan83@gmail.com,474.008.3177x15728,Ryanport,Brunei Darussalam,51
276,Mrs. Samantha Guerrero,carl67@sawyer.com,(892)030-0083x6768,South Erikaberg,Malaysia,63
277,Debbie Williams,william29@wright.net,(865)306-0343x37574,West Patrickbury,Japan,26
278,Rebecca Donovan,kelly63@hernandez.com,4685421288,Jasminestad,Montenegro,57
279,Benjamin Gentry,aschultz@garner.net,(461)150-9887,Scottberg,Bulgaria,60
280,Kayla Arnold MD,gallegosemily@stevens.org,2456832670,West Michael,Seychelles,52
281,Rachel Ali,phillippowell@mcdaniel.info,836.946.1310x22135,Brianside,Angola,59
282,Joseph Anderson,charles82@yahoo.com,759-641-9104,Nicholsborough,Turkey,57
283,John Roberts,susanharris@gmail.com,(583)637-7861,Reevesfort,India,49
284,Amy Hernandez,mikeross@gmail.com,986.531.8771x77791,East Katelyn,Congo,36
285,Joel Ware,garciajohn@hotmail.com,+1-237-991-0842,Port Wendy,Israel,50
286,Kimberly Gonzales,cassidy22@hotmail.com,+1-405-795-4822x93697,Mooreberg,South Africa,52
287,Shelly English,paulmason@evans-cox.com,001-506-847-4676,New Terrencestad,Malta,48
288,Bradley Thomas,matthewsjulia@jones.org,(801)970-2605x188,Lake Michaelshire,Nicaragua,39
289,Madison Kim,shannon98@hotmail.com,197.884.4131,Smithland,Panama,34
290,Jose Matthews,collinsjoseph@hotmail.com,815-865-6736x947,Lake Ericashire,Micronesia,62
291,Darren Atkinson,valerie53@hotmail.com,+1-123-136-4258x502,Port Marthashire,Poland,50
292,John Williams,erin00@gmail.com,447-468-6904x91985,Rivasburgh,Timor-Leste,55
293,Cory Kelly,gregory83@yahoo.com,146-930-2188,Jorgeborough,Tonga,37
294,Michael Harris,tony70@yahoo.com,920-818-9859,South Julie,Yemen,66
295,Chad Brooks,jensenbryan@graham.com,8715927646,Estradaberg,Saint Helena,22
296,Samuel Richards,harringtonlisa@gmail.com,919.922.9771x4615,Ericville,Austria,40
297,Richard Thomas,rhonda22@hernandez-berry.org,001-392-521-0737x4473,Whitneytown,France,25
298,Jennifer Hill,mariecameron@yahoo.com,+1-548-218-3028x1147,North Paul,Dominica,64
299,Edward Sanders,timothy96@gmail.com,(789)413-4487,Lorifurt,Uzbekistan,27
300,Danielle Castro,churchjennifer@johnson-raymond.org,347.400.2822x8780,Smithmouth,Spain,45
301,Gerald Huff,thomas10@long.com,397-514-4031x108,Port Jenniferstad,Honduras,46
302,Jamie Martinez,marydickerson@hotmail.com,837-695-7029x84710,Smithborough,Tanzania,64
303,Tamara Smith,cervantesannette@george-charles.info,(688)468-8482x841,North Ryan,Dominica,37
304,Frederick Callahan,matthew93@gmail.com,(481)814-3999x46829,Josephburgh,Argentina,27
305,Meredith Chambers,panderson@hotmail.com,+1-813-920-8534x4013,Barrymouth,Russian Federation,41
306,Anna Greene,monroekelsey@cook.com,001-776-886-6740,Markton,Korea,27
307,Justin Smith,obarnes@gmail.com,(530)715-8719x081,South Erin,Saint Kitts and Nevis,48
308,Anthony Diaz,hoganann@yahoo.com,+1-439-881-5865x71557,West Lisa,Egypt,67
309,Gregory Marshall,xberry@hotmail.com,+1-802-899-8293x454,Jenniferport,Montenegro,35
310,Kelly Nunez,jeremy25@yahoo.com,(880)896-6910x0852,South Matthew,Myanmar,47
311,Deborah Garrett,stephanie16@cole.org,001-368-767-2291x4325,East Marissaville,Belize,30
312,Monica Hansen,alison15@ortega.com,535.516.8323,West Kenneth,French Polynesia,28
313,Jennifer Davis,bradychristian@jones.com,996.208.4114x287,North Tinaton,Poland,51
314,Shari Walker MD,lambelizabeth@elliott-jefferson.org,9718352343,Kennethview,Togo,44
315,Jill Yates,vicki64@dawson.org,(136)695-9114x97312,Tracystad,Marshall Islands,57
316,William Tucker,matthewsimpson@carter.net,8078169554,Greenshire,Gabon,64
317,Michael Mccormick,rodriguezsusan@gmail.com,(330)760-4494x2540,Beanberg,Kazakhstan,48
318,Tara Williams,kellyking@rodriguez.com,444.551.4895,West Andrewchester,Fiji,62
319,Jessica Lopez,gilesjulie@hamilton-diaz.org,433.575.9237x7271,Michelleberg,Turkmenistan,67
320,Rachel Price,browningronald@gmail.com,+1-518-185-3832x199,East Debraburgh,Thailand,18
321,Patricia Wang,renee69@carpenter-hardin.com,+1-048-719-8893x85563,Port Markbury,Guinea-Bissau,27
322,Brian Gonzalez,thompsonnatasha@yahoo.com,112-478-1487,Thompsonburgh,Cocos (Keeling) Islands,40
323,Michael Johnson,jessica16@mitchell-duncan.net,(914)587-6297,Denisefort,Luxembourg,19
324,Christine Tucker,lindseywaller@mitchell.net,001-089-710-7097x329,Marshchester,Congo,19
325,Robert Lambert,robertsonregina@hotmail.com,292.046.9538x75504,New Robertport,Sudan,32
326,Arthur Thomas,jonessamantha@yahoo.com,359.953.6669x80040,Katrinatown,Guernsey,69
327,John Mccarthy,usaunders@gmail.com,398-564-1383,North Davidshire,Egypt,34
328,Cody Rasmussen,sharon64@weaver-chavez.info,288.552.8297x82692,East Patrick,Gambia,42
329,Jodi Wallace,johnsonkevin@gmail.com,755-814-1893x8183,West Sarahview,Albania,63
330,Angela Ramirez,mary38@singleton-clark.com,+1-408-863-0617x4539,Haleymouth,Monaco,62
331,Leslie Duran,wbaker@ramirez-ortiz.com,4989786419,West Joyce,Saint Martin,60
332,Carrie Bishop,michaeldavis@yahoo.com,386-241-8261,Smithland,Romania,21
333,Christina Goodman,lmcfarland@hotmail.com,+1-030-046-8700x8259,Mcleanmouth,Papua New Guinea,22
334,Michael Sanders,zdavis@sanchez.org,802.064.9924x666,Madisonborough,French Guiana,55
335,Jeremy Williams,zchapman@parker.com,+1-866-430-9002x43110,Jessebury,India,25
336,Angel Smith,russell27@yahoo.com,336-497-4038,Sherrymouth,Qatar,52
337,Nicholas Reynolds,johnsimpson@yahoo.com,+1-869-295-0889x33141,Watsonbury,Chad,69
338,Amy Snyder,ipitts@mueller-alvarez.com,367-439-0614x99755,Mullinsview,Georgia,53
339,Jessica Cooke,jasminereed@hotmail.com,504.197.9293,Lake Brittany,Montenegro,36
340,Timothy Love,davidedwards@salas.com,109.265.3658x841,Johnsonmouth,Gabon,18
341,Bryan Woods,kevinnelson@yahoo.com,719.453.6237,Matthewville,Nigeria,24
342,Rebecca Rice,michaelwilson@gmail.com,(675)185-0628x44858,Port Rachelfort,Greece,35
343,Dillon Rivera,dyerkathryn@hotmail.com,+1-431-262-7873x199,Reynoldsview,Costa Rica,47
344,Matthew Perez,tcooke@hotmail.com,975.124.7975x847,East Cheryl,New Zealand,37
345,Andrew Higgins,andersonjeremy@perez-dixon.com,9939646634,Santiagoburgh,Guinea,49
346,Robert Lopez,cameronruiz@yahoo.com,+1-477-823-6111x513,Burtonchester,Albania,45
347,Andrea Herman,imathis@nash-taylor.com,(147)911-5745x31712,Tonyland,Uzbekistan,29
348,Susan Wilkerson,hernandezmary@hotmail.com,001-461-752-9859x1926,South Catherinebury,Tajikistan,60
349,Nancy Lynn DDS,katherine99@yahoo.com,+1-003-452-6449x491,North Paulfurt,Senegal,64
350,Elizabeth Pratt,rodgersjames@malone.com,001-026-556-2839x6306,West Tiffanybury,Nicaragua,42
351,Timothy Miller,castillogeoffrey@maldonado.com,(138)963-9801x57421,Port Diana,French Guiana,59
352,Michael Mcgee,brandijohnson@yahoo.com,042.108.1357x3013,Lake Wayne,Congo,62
353,Benjamin Scott,ojuarez@solomon-diaz.com,401-511-3166,West Michaelborough,Cote d'Ivoire,63
354,Dale Taylor,douglas96@yahoo.com,(055)154-4319x85223,East Amanda,Latvia,45
355,Anne Howard,james19@yahoo.com,715-884-5651x4541,Ruizshire,Rwanda,51
356,Mr. Stephen Graves,christina38@gmail.com,+1-459-357-8192x06988,Wendyview,Palau,22
357,James Newton,jacksonmichelle@jacobs.com,486.567.5695,North Monicaborough,Saint Kitts and Nevis,41
358,Sarah Brooks,oneallinda@petersen-hobbs.com,+1-807-724-4208x688,Shawmouth,Cayman Islands,69
359,Jonathan Gallagher,ysanchez@hotmail.com,001-055-571-5649x494,North Katherine,Ireland,27
360,Nicole Mcguire,vharris@washington-frazier.net,732.150.4021x85120,Michaelton,Guyana,20
361,Ashley Owens,enoble@yahoo.com,983-633-6406x34685,East Michael,Equatorial Guinea,61
362,Mark Clark,williamseric@hotmail.com,001-068-714-6138x66478,Juliemouth,Lebanon,40
363,Tiffany Roberts,eshea@spencer.biz,+1-078-798-4145x4919,East Tonyview,Trinidad and Tobago,29
364,Gerald Werner,jesserichardson@parker.com,3948887702,West Jason,Saint Vincent and the Grenadines,20
365,Shawn Crawford,shermantodd@gmail.com,+1-188-598-4246x647,Gordonberg,India,32
366,David Clay,jerry01@gmail.com,012.918.9226,North Ericfurt,Iraq,42
367,Andrew Hartman,halldenise@sanchez-simmons.net,001-904-419-8442x3162,Thompsontown,Monaco,63
368,Tara Pope,shortdaniel@gmail.com,+1-350-447-1538,South Jose,Netherlands,61
369,Adrienne Rodriguez,alexandriaharper@martinez-walker.com,001-609-589-6167x385,Codyhaven,Martinique,39
370,Cynthia Watkins,meltonamy@miller-horton.com,160.094.8938x87184,Michelleside,Norfolk Island,48
371,Steven Castillo,smithgeorge@yahoo.com,(214)533-1505,New Ryan,Sri Lanka,52
372,Melissa Dunn,emilymoore@gray.com,001-798-575-1282x26417,North Pattyland,Croatia,37
373,Christian Stephens,nicholas49@horn.com,194.717.6286x91850,South Allisonfurt,Costa Rica,34
374,Melinda Mitchell,ngarcia@castaneda-stephens.net,5998415117,East Melissafort,South Georgia and the South Sandwich Islands,23
375,Laura Davis,catherine61@hotmail.com,211.457.5304x582,West Christopher,Turks and Caicos Islands,66
376,Kristin Herring,jonathankelly@snyder.org,+1-765-887-8701x21335,Kristibury,Papua New Guinea,23
377,Heidi Rodgers,zsmith@mccoy.com,183.109.7419,North Nathanielton,China,24
378,Terri Owens,mlowe@pratt.net,4136315190,Rachelborough,Bahamas,29
379,Rhonda Burch,ahiggins@yahoo.com,535-310-8283x40531,South Nicolefort,Nigeria,35
380,Meredith Callahan,davidmorris@stevenson.biz,001-288-646-4824x3922,Lake Charlesside,Azerbaijan,59
381,Barbara Burns,mezastephanie@sanchez.net,001-543-706-2042,South Lindsey,Iran,63
382,Ricky Gallegos,emilyramos@perez-gordon.net,001-476-665-2237x03923,East Suzanne,Philippines,59
383,Daniel Little,kaitlynbeck@yahoo.com,(141)389-7503x22122,Clarkberg,Northern Mariana Islands,33
384,Laurie Cooley,meredithhernandez@morton.biz,196.291.3049x375,Kathrynfort,Mali,47
385,Kristin Byrd,weaverapril@hotmail.com,+1-383-517-7398x5101,Parksside,French Southern Territories,60
386,Stephanie Fox,ajohnson@gmail.com,001-073-855-1202,Jacksontown,Liechtenstein,45
387,Joshua Singh,clarkronald@evans.com,(753)315-3378x27501,South Christian,Armenia,40
388,David Woodard,bethanywilson@taylor.com,404-992-9609,Jonesport,Thailand,41
389,Lawrence Soto,rodriguezjoe@gmail.com,1230964713,West Benjaminland,Sudan,19
390,Melissa Garcia,mccoyphilip@barker-reynolds.info,552.039.7886,West Matthewville,Saint Helena,36
391,Stephanie Huang,jasonkey@franklin.org,(656)701-4556x237,Reynoldshaven,Russian Federation,45
392,Christopher Hill,billyrogers@russo.com,700-418-9935x6316,East Randymouth,Kyrgyz Republic,57
393,Jennifer Glover,robinsontoni@schwartz.info,889-227-8044x0841,Erintown,Puerto Rico,66
394,Mary Howe,brandon74@gmail.com,470-893-2316x80716,Lake Allison,Mali,22
395,Samantha Roberson,hbrown@gmail.com,+1-907-118-3454x435,South Tiffany,Fiji,32
396,Karen Walker,johnsongeorge@hotmail.com,(112)898-9986x475,North Christine,Angola,21
397,Katherine Mullins,dixonnancy@yahoo.com,521-644-7743x80232,North Jeffrey,Germany,49
398,Carolyn Williams,wongtracey@davis.org,8807408075,New Jessica,Macao,51
399,Christina Hamilton,stevejordan@williams.com,(695)968-0915x46841,West Matthewland,South Africa,23
400,Brandi Wolfe,nbrooks@johnson.info,+1-077-762-8040x0204,Smithshire,Suriname,19
401,Chad Wagner,mckeekevin@yahoo.com,223.497.1789,Donaldhaven,Brazil,23
402,Thomas Moore,lpearson@gmail.com,(521)673-9042,Perezfurt,United Arab Emirates,32
403,Christopher Cummings,lindseybernard@hotmail.com,+1-160-598-4513x2647,East Mariahbury,Kenya,40
404,Christopher Sanchez,angela03@herrera.com,+1-415-998-8308,Port Ashley,Guernsey,65
405,Jessica Powell,sarahyu@fry.com,140.008.4705x479,North Richard,Canada,47
406,Molly Moon,johnsonmichael@gmail.com,+1-276-563-7918,Port Lonnie,Mauritius,64
407,Corey Blake,frenchcolleen@gutierrez-morse.org,742-561-7419,New Alexis,Netherlands,18
408,Kevin Adams,nicholasmolina@morris.com,7897518656,South Carrie,Saint Helena,19
409,Peter Case,danielmurphy@guzman.com,+1-096-890-0364,Port Christinaberg,Nauru,21
410,Kelly Ruiz,larsonedward@smith.info,272-246-8701,Lake Kristenbury,Norfolk Island,65
411,Laura Smith,zheath@gmail.com,(587)117-3931x760,Bruceville,Uruguay,65
412,Douglas Riley,robbinsnathaniel@hotmail.com,+1-710-070-5217x932,Patrickside,Guatemala,47
413,Adam Johnson,janderson@gmail.com,(920)456-0143,Kelseyberg,Burundi,60
414,Jenny Cervantes,amanda64@gray.net,094-131-2443,Lake Courtneychester,Nepal,54
415,Jeremy Jackson,lscott@nguyen.com,422.214.6490x588,West Christopherbury,United States of America,40
416,David Hamilton,denise27@kim.com,+1-712-578-3311,North Jeffrey,Mauritius,64
417,Jonathan Warner,clarkevictoria@gmail.com,052.416.7669x1422,Lake Randyfort,Puerto Rico,24
418,Stephanie Bernard,njones@jackson-young.com,001-855-106-8578x9283,West Jacobhaven,Seychelles,44
419,Ralph Sullivan,brittany23@irwin.com,616.781.9911,Danieltown,Dominica,55
420,Denise Bruce,gmorrison@roth.biz,(054)145-0835,Pamelafort,Pitcairn Islands,20
421,Brian Yates,blairselena@yahoo.com,206.210.5767x81521,Grantfort,Djibouti,28
422,Ryan Lewis,parsonstyler@burton.com,928.457.7919,New Joseph,Guernsey,53
423,Kevin Frank,craig07@barron.org,430-415-5048x427,Lake Erin,Zambia,44
424,Michael Harris,robinsonwalter@hotmail.com,8265772319,Lake Brandy,United Kingdom,66
425,Erin Wise,wilsonkenneth@johnson-hicks.info,+1-206-093-0247x07864,East Sara,Luxembourg,21
426,Ryan Moore,erinross@hodges.com,1822290370,East Marthaburgh,Kyrgyz Republic,40
427,Lisa Riley,morrisonronnie@yahoo.com,7307539587,North Janet,Paraguay,42
428,Savannah Gregory,toni54@morgan-howard.com,254.795.6580,East Dawnmouth,Monaco,40
429,Bradley Martin,vpreston@yahoo.com,001-968-854-4770x272,East William,Dominica,50
430,Alicia Lucas,qray@arnold.com,632.080.1592x67543,North Shelby,Burundi,35
431,Meghan Marshall,kelly30@yahoo.com,384.448.5291x72907,Gloriatown,Eritrea,61
432,Bryan Macdonald,fischerbrandon@smith.net,187-608-9129x3477,New Maryland,Nepal,20
433,Aaron Hughes,wmurray@gmail.com,(862)405-8413x96202,Armstrongport,Guyana,23
434,Scott Paul,summerswalter@forbes-hayes.net,(710)005-3295x36065,Lake Scottton,Sao Tome and Principe,39
435,Mary Owen,christopher36@cox-jones.com,184.052.7212x983,Brandonborough,Togo,38
436,Jacob Lawrence,kristin43@hinton.com,3597755031,Christinebury,Guam,68
437,Julie Dyer,amy22@yahoo.com,869-371-8378x067,Jenkinsside,Ukraine,65
438,Christopher Franklin,stephen69@moses.info,362.912.8014,Wongville,Sierra Leone,50
439,Elizabeth Wilkerson,brandigonzalez@cooley.com,378.766.4754,Bernardburgh,Pitcairn Islands,57
440,Marcus Montgomery,jessicavelazquez@valenzuela.biz,(763)152-7820,Blankenshipland,Tunisia,34
441,Veronica Bush,emily42@medina.com,(801)326-2526x569,Chenburgh,Reunion,48
442,Brian Williams,kathleenwilliams@stevens.net,(584)089-2970x46950,New Jennifer,Nicaragua,37
443,Nicholas Kelly,richardsonjoshua@tucker.com,001-322-737-0159,Connieton,Pitcairn Islands,39
444,Charles Robbins,millerlori@gibson.info,045.830.0883x077,Port Meganchester,Serbia,40
445,Bill Fisher,rwilson@yahoo.com,+1-149-616-9669x5515,West Jeffreymouth,Slovakia (Slovak Republic),40
446,William Saunders,mgill@williams.com,001-436-388-8285x5606,Escobarhaven,Guadeloupe,59
447,Timothy Smith,davidhenry@kelly.biz,001-297-238-0717x7111,Christianburgh,Tanzania,25
448,Melissa Aguilar,brownmatthew@hotmail.com,1721039731,Travishaven,Georgia,52
449,Sandra Perez,cynthia84@yahoo.com,+1-720-593-5122x341,Derekfurt,Somalia,64
450,Jamie Reed,rhonda53@hotmail.com,001-266-077-8419x694,Lake Ronald,Montenegro,58
451,Theresa Banks,erica82@reynolds-allen.info,+1-354-963-6602x273,Lake Julia,Svalbard & Jan Mayen Islands,43
452,Cynthia Miller,marymcclure@white.info,001-499-669-1611x04467,Feliciaton,Bosnia and Herzegovina,22
453,Patrick Smith,teresa86@gmail.com,380.940.9499x59157,Lake Justin,Libyan Arab Jamahiriya,62
454,Ebony Coffey,htaylor@schwartz.info,5896321892,Port Michellebury,China,35
455,James Rogers,lmartinez@hotmail.com,+1-579-479-9002x203,Clarkeview,Netherlands,38
456,Maria Smith,stephanie35@myers.com,001-335-032-7878,Barbarahaven,Hungary,61
457,Christian Brown,brendan30@yahoo.com,(801)755-5665x2103,Patrickberg,Oman,44
458,Jose Bryan,robert68@hotmail.com,6458357913,Ginaview,Central African Republic,42
459,Donna Mitchell,alexburns@walker.com,(201)865-3047x0508,Port Christopherport,Fiji,68
460,Steve Campbell,patrick01@sheppard-jones.com,+1-509-008-0976x1622,Lake Mark,Israel,66
461,Mrs. Sarah Freeman,william79@jacobson-kidd.com,+1-240-400-5624x5110,New Joshua,Niger,57
462,Clayton Rose,jeffrey76@yahoo.com,(427)696-5824,North Haley,Norway,50
463,David White,johnsonjonathan@gmail.com,696.461.6494x0559,New William,Anguilla,23
464,Lorraine Hudson,betty49@hotmail.com,+1-517-984-8554x368,Toddbury,Seychelles,53
465,Ana Keith,whitematthew@hotmail.com,059-935-4844x43838,South Traceyside,Romania,35
466,Gerald Sanders,timothy62@yahoo.com,001-209-268-1212x4464,Woodwardmouth,Argentina,21
467,Brandy Duke,owenraymond@smith-smith.com,6866963000,Tylerhaven,Fiji,35
468,Scott Garcia,latoyawashington@ruiz-johnson.com,075-322-5033x343,Stephaniechester,Niger,22
469,Jennifer Kane,sandra00@perry.com,083.240.8687,Laurieburgh,Marshall Islands,53
470,Anthony Dennis,fsweeney@ryan-olson.biz,001-948-004-1923x92688,North Matthew,Swaziland,22
471,Vicki Woods,donmendoza@yahoo.com,331.324.5094x1412,North Arthurshire,Armenia,67
472,Christopher Taylor,valenciasteve@gmail.com,(757)246-3115,South Michaelbury,Turkmenistan,25
473,Mary Phillips,mday@schmidt.com,001-371-300-0771x9703,New Amandaville,Sri Lanka,31
474,Rebecca Murray,michael06@randall-powell.info,7521286493,South Kathy,Uruguay,18
475,Matthew Johnson,doughertyfrancis@yahoo.com,179.678.3947x613,Laurastad,Aruba,45
476,Timothy Maynard,eugenewillis@yahoo.com,711-529-4973,Allenside,Swaziland,56
477,Elizabeth Parker,brownbailey@hotmail.com,001-874-190-0357x251,East Sheilaport,Benin,57
478,Daniel Smith,jessicajimenez@gmail.com,220-635-1420x2075,Timothyside,Saint Pierre and Miquelon,60
479,Kristin Green,tina43@yahoo.com,5921726184,East Carlos,Reunion,35
480,Zachary Johnson,yuchristopher@crawford-bowers.com,+1-350-594-7876,Port Edward,Cameroon,36
481,Stephanie Henry,lindseysabrina@gmail.com,8008669034,Sethville,Costa Rica,65
482,James Page,mirandawhitehead@simmons.com,001-303-155-1423x9002,Johnsonport,Madagascar,59
483,Carlos Jackson,pmaxwell@hicks.info,893-059-5300x852,Rogersborough,Spain,62
484,Pamela Rojas,christine77@tate-lara.com,001-585-511-7077,Valerieland,Chile,64
485,William Burgess,sarah24@yahoo.com,(034)119-0603x2121,New Vicki,Saint Barthelemy,28
486,Christopher Williams,hullcody@hotmail.com,(113)723-5601,Port Paulberg,Svalbard & Jan Mayen Islands,24
487,Jason Choi,casey71@yahoo.com,001-727-747-3511x66787,East Ginashire,Slovenia,48
488,Melissa Alexander,meredithvaldez@yahoo.com,638.630.9080x167,Karamouth,Pakistan,28
489,Nicole Velasquez,thenson@davis-robbins.com,(081)560-2548,Apriltown,Saint Barthelemy,31
490,Brooke James,jschwartz@gmail.com,+1-688-387-9217,Nicholashaven,Turkmenistan,63
491,Jessica Miranda,maureencampbell@gmail.com,9484137784,Port Benjamin,Cambodia,45
492,Robert Jarvis,allenmartinez@gmail.com,236-529-7726,West Kristinton,Spain,45
493,Jake Bryant,gmartin@hotmail.com,(198)331-4962x87094,Allisonshire,Turkmenistan,65
494,Shawn Bradley,holly63@gmail.com,201.919.8596,Codyton,Macao,48
495,Heather Fuentes,qcalderon@gmail.com,302.776.2541x823,North James,South Georgia and the South Sandwich Islands,59
496,Tricia Holder,omar88@rodriguez-bryant.com,132.510.9580x70478,New Katie,Switzerland,52
497,Timothy Flores,jasmine98@haney.com,546-250-7901x968,New Luisborough,Benin,59
498,Christina Davis,hayley33@sanchez.com,3615211996,Lake Jordan,Suriname,64
499,Holly Haley,bennettnancy@schwartz.biz,001-958-601-5139x458,Millshaven,Finland,59
500,Donna Young,carterkristin@hotmail.com,(735)016-7913,Jenningsbury,Malaysia,37
